OBJECTID,Accident_ID,Date,Time,Street1,Distance,Measurement,Direction,Street2,StatePlaneX,StatePlaneY,Location 1
195,201106210476,06/21/2011,1720,1807 STAPLES MILL ROAD,None,None,None,None,11774424,3736435,"(37.580400459, -77.494033912)"
227,201110170557,10/17/2011,1950,NATIONAL ST,None,None,None,CENTRAL AVE,11804630,3713833,"(37.517401171, -77.390721282)"
241,201201060579,01/06/2012,1830,BROAD ST,None,None,None,LAUREL ST,11787586,3725465,"(37.549880708, -77.44903811)"
296,201209050424,09/05/2012,1730,23RD ST,None,None,None,LEIGH ST,11796607,3720274,"(37.535345247, -77.418127908)"
492,201506140481,06/14/2015,1849,JEFFERSON DAVIS HWY,None,None,None,YORKTOWN AVE,11789007,3702321,"(37.486278357, -77.445028892)"
252,201203110386,03/11/2012,1755,BROAD ST,30,Feet,E,HAMILTON ST,11778667,3732708,"(37.570040265, -77.479531849)"
133,201009150110,09/15/2010,730,HULL ST,None,None,None,COMMERCE ROAD,11790035,3715676,"(37.522922781, -77.440969741)"
341,201303070466,03/07/2013,1815,OLD MAIN ST,None,None,None,E MAIN ST,11797420,3714374,"(37.519116942, -77.415557973)"
483,201501270370,01/27/2015,1825,MEADOW ST,None,None,None,MAIN ST,11782713,3725168,"(37.549212876, -77.465857471)"
448,201407280400,07/28/2014,1813,CARTER ST,100,Feet,S,COLORADO AVE,11781774,3720857,"(37.537402105, -77.469258638)"
50,200907280692,07/28/2009,2201,NICKEL BRIDGE,None,None,None,None,0,0,"(21.84881981, -111.898763822)"
229,201110210689,10/21/2011,2054,HULL STREET ROAD,669,Feet,E,LINWOOD AVE,11774837,3703154,"(37.488990823, -77.493832835)"
469,201410220188,10/22/2014,1156,MONUMENT AVE,None,None,None,STUART CIRCLE,11785044,3726368,"(37.552437937, -77.457771678)"
287,201208070392,08/07/2012,1549,JEFFERSON DAVIS HWY,260,Feet,S,HADEN AVE,11789299,3699130,"(37.477506097, -77.444145571)"
85,200911210278,11/21/2009,936,1500 MECHANICSVILLE TPKE,None,None,None,None,11797199,3724498,"(37.546926584, -77.415919083)"
458,201409020476,09/02/2014,2000,DOCK ST,None,None,None,18TH ST,11793549,3718942,"(37.53178306, -77.428725722)"
422,201403280297,03/28/2014,1427,2ND ST,None,None,None,CARY ST,11789253,3722291,"(37.541113114, -77.443410782)"
112,201006100547,06/10/2010,1752,WINTER ROAD,500,Feet,W,SANBORN DR,11769921,3705422,"(37.495362046, -77.510693734)"
156,201011180342,11/18/2010,1313,CANAL ST,None,None,None,8TH ST,11790586,3720802,"(37.536982933, -77.438871223)"
276,201206250668,06/25/2012,2025,FOREST HILL AVE,None,None,None,LEICESTER ROAD,11773455,3716716,"(37.5262759, -77.498099762)"
113,201006120447,06/12/2010,1639,TROY ROAD,20,Feet,W,FERNBROOK DR,11776313,3700458,"(37.481543578, -77.488845393)"
38,200906100718,06/10/2009,2100,5TH ST,None,None,None,HOSPITAL ST,11793301,3726134,"(37.551541553, -77.429299626)"
44,200907210472,07/21/2009,1638,DOCK ST,200,Feet,W,16TH ST,11792915,3719160,"(37.532401475, -77.43090349)"
28,200905190497,05/19/2009,1716,FAIRMOUNT AVE,None,None,None,21ST ST,11797732,3722905,"(37.542535054, -77.414143923)"
60,200908230427,08/23/2009,1539,IDLEWOOD AVE,50,Feet,W,BELVIDERE ST,11787589,3722523,"(37.541801245, -77.449140726)"
345,201304130440,04/13/2013,1634,LAUREL ST,None,None,None,BROAD ST,11787586,3725465,"(37.549880708, -77.44903811)"
170,201103180315,03/18/2011,1207,LOMBARDY ST,25,Feet,N,HANOVER AVE,11784678,3725770,"(37.55080679, -77.459056887)"
267,201205260493,05/26/2012,1804,23RD ST,None,None,None,PHAUP ST,11800139,3725825,"(37.55047764, -77.405725738)"
247,201202150166,02/15/2012,914,CHAMBERLAYNE PKWY,None,None,None,DUVAL ST,11790012,3725886,"(37.550962396, -77.440653987)"
410,201312090322,12/09/2013,1612,CHAMBERLAYNE AVE,50,Feet,N,LABURNUM AVE,11787948,3738093,"(37.584548691, -77.447303764)"
272,201206090508,06/09/2012,1833,FOREST HILL AVE,None,None,None,41ST ST,11779481,3713718,"(37.51786521, -77.477433131)"
322,201211060175,11/06/2012,1040,HULL ST,20,Feet,N,COMMERCE ROAD,11790035,3715676,"(37.522922781, -77.440969741)"
69,200909140520,09/14/2009,1723,WOODCLIFF AVE,None,None,None,None,11795723,3733398,"(37.571414203, -77.42065895)"
480,201412290016,12/29/2014,2200,COFER ROAD,150,Feet,E,GROSS AVE,11784207,3704476,"(37.492342698, -77.461489525)"
100,201005020003,05/02/2010,0,FAIRFIELD AVE,None,None,None,MECHANICSVILLE TPKE,11797619,3725237,"(37.548942776, -77.414441157)"
166,201102270498,02/27/2011,1630,FOREST HILL AVE,111,Feet,E,RETTIG ROAD,11769306,3720163,"(37.535862278, -77.512281872)"
379,201308030562,08/03/2013,1854,B1000 W BROOKLAND PARK BLVD,None,None,None,None,11788437,3733648,"(37.572326864, -77.44578761)"
150,201011020262,11/02/2010,1155,16TH ST,None,None,None,ALBANY AVE,11789316,3712687,"(37.514736419, -77.443564184)"
419,201403090270,03/09/2014,1437,SELDEN ST,300,Feet,E,23RD ST,11800014,3725521,"(37.549646774, -77.406169044)"
179,201105050419,05/05/2011,1550,BROAD ST,150,Feet,W,LOMBARDY ST,11785507,3726988,"(37.554126542, -77.45615098)"
393,201309190385,09/19/2013,1554,HARRISON ST,None,None,None,FLOYD AVE,11785779,3724465,"(37.547189574, -77.455309048)"
347,201304190406,04/19/2013,1510,CARY ST,None,None,None,MEADOW ST,11782538,3724759,"(37.548094936, -77.466476528)"
208,201108090727,08/09/2011,2138,B900 W CLAY ST,None,None,None,None,11787787,3726304,"(37.552178634, -77.448312574)"
256,201203250179,03/25/2012,650,CARY ST,None,None,None,9TH ST,11791092,3720946,"(37.537362755, -77.437120623)"
251,201203030692,03/03/2012,2334,DAVIS AVE,None,None,None,FLOYD AVE,11781094,3726358,"(37.552529456, -77.471397018)"
390,201309120746,09/12/2013,2348,BARTON AVE,None,None,None,ESSEX ST,11792531,3732809,"(37.569896408, -77.431695027)"
309,201210090104,10/09/2012,620,BELMONT AVE,None,None,None,STUART AVE,11779468,3728526,"(37.558531784, -77.476924637)"
193,201106110670,06/11/2011,2000,ALLISON ST,None,None,None,GRACE ST,11783452,3728032,"(37.557055783, -77.46320001)"
8,200902170294,02/17/2009,1254,FOREST HILL AVE,None,None,None,KENMORE ROAD,11761768,3719677,"(37.534741348, -77.538294668)"
372,201307080613,07/08/2013,2342,BOULEVARD,None,None,None,MAIN ST,11779872,3726401,"(37.552684035, -77.47561053)"
328,201212090524,12/09/2012,1853,2100 R ST,None,None,None,None,11797571,3722548,"(37.541559742, -77.414713348)"
35,200905290879,05/29/2009,2357,BOULEVARD,None,None,None,CARY ST,11779699,3725994,"(37.551571477, -77.476222497)"
367,201306250273,06/25/2013,1300,2ND ST,45,Feet,N,BROAD ST,11790184,3723559,"(37.544566656, -77.440150827)"
233,201111180405,11/18/2011,1500,BROOK ROAD,None,None,None,LOMBARDY ST,11787803,3730169,"(37.562792246, -77.448108831)"
74,200909240368,09/24/2009,1422,FRANKLIN ST,106,Feet,W,HARRISON ST,11786168,3725538,"(37.550124436, -77.453926333)"
142,201010020134,10/02/2010,115,BOULEVARD,2,Feet,S,KENSINGTON AVE,11780743,3728456,"(37.55830152, -77.472528977)"
365,201306140447,06/14/2013,1646,GROVE AVE,20,Feet,E,MAPLE AVE,11766980,3733634,"(37.572923363, -77.519820986)"
408,201311270226,11/27/2013,1446,BROAD ST,None,None,None,BELVIDERE ST,11788092,3725095,"(37.548849126, -77.447307031)"
152,201011060511,11/06/2010,1415,R ST,135,Feet,E,23RD ST,11798028,3722188,"(37.540556668, -77.413151526)"
222,201109290513,09/29/2011,1749,LEIGH ST,None,None,None,8TH ST,11792521,3723427,"(37.544131826, -77.432095709)"
125,201008250743,08/25/2010,2208,RYLAND ST,None,None,None,BROAD ST,11786200,3726480,"(37.552710396, -77.453779947)"
147,201010150165,10/15/2010,732,SCHOOL ST,None,None,None,CHAMBERLAYNE AVE,11789438,3728944,"(37.559377977, -77.442515713)"
36,200905300024,05/30/2009,20,HULL STREET ROAD,None,None,None,ORCUTT LANE,11772418,3701097,"(37.483412261, -77.502244754)"
124,201008220721,08/22/2010,2230,MAIN ST,None,None,None,14TH ST,11792601,3720305,"(37.535555656, -77.431941621)"
6,200902130143,02/13/2009,814,FOREST HILL AVE,100,Feet,E,FAIRLEE ROAD,11770810,3719059,"(37.532787096, -77.507135205)"
436,201405260436,05/26/2014,2126,W CHARITY ST,None,None,None,ST PAUL ST,11790670,3726342,"(37.552194368, -77.438366674)"
189,201106020649,06/02/2011,1800,M ST,None,None,None,22ND ST,11796481,3720668,"(37.536431219, -77.41854686)"
83,200911200696,11/20/2009,2022,CARY STREET ROAD,None,None,None,MALVERN AVE,11774292,3728600,"(37.558887712, -77.49477729)"
137,201009220567,09/22/2010,1906,DINWIDDIE AVE,None,None,E,19TH ST,11789256,3711470,"(37.511396095, -77.443817985)"
232,201111180284,11/18/2011,1147,2900 W CLAY ST,50,Feet,W,COLONIAL AVE,11781530,3730900,"(37.564989712, -77.469722106)"
56,200908130786,08/13/2009,2145,MECHANICSVILLE TPKE,None,None,None,FAIRFIELD AVE,11797619,3725237,"(37.548942776, -77.414441157)"
277,201207020303,07/02/2012,1258,FLOYD AVE,30,Feet,W,MEADOW ST,11782889,3725578,"(37.550333531, -77.465234909)"
423,201404090396,04/09/2014,1600,CHAMBERLAYNE AVE,15,Feet,N,HAMMOND AVE,11788772,3732468,"(37.569076068, -77.444677288)"
205,201108030168,08/03/2011,830,LEIGH ST,None,None,None,BOULEVARD,11781871,3731117,"(37.565575414, -77.468537499)"
78,200910250524,10/25/2009,1839,SHEPPARD ST,None,None,None,GRACE ST,11780767,3729990,"(37.562513498, -77.472388582)"
333,201301110474,01/11/2013,1756,MADISON ST,None,None,None,MAIN ST,11788200,3723554,"(37.544613899, -77.44699381)"
71,200909160256,09/16/2009,1211,MARSHALL ST,None,None,None,5TH ST,11791202,3723288,"(37.543790992, -77.436650291)"
43,200907100035,07/10/2009,42,HULL ST,None,None,None,JEFFERSON DAVIS HWY,11787840,3713889,"(37.518082647, -77.448606715)"
294,201208270341,08/27/2012,1521,JEFFERSON DAVIS HWY,None,None,None,BUFORD AVE,11789635,3695416,"(37.467296167, -77.443131029)"
489,201504180571,04/18/2015,1953,PARKWOOD AVE,None,None,None,BELMONT AVE,11778370,3726229,"(37.552256332, -77.480797894)"
306,201209300542,09/30/2012,2057,MAIN ST,None,None,None,ROBINSON ST,11780554,3726106,"(37.551853552, -77.473269127)"
10,200903010343,03/01/2009,1406,BELT BLVD,None,None,None,SOUTHSIDE PLZ,0,0,"(21.84881981, -111.898763822)"
139,201009280497,09/28/2010,1757,BROAD ST,None,None,None,MADISON ST,11788890,3724511,"(37.547220866, -77.444577104)"
353,201305080048,05/08/2013,330,THOMPSON ST,None,None,None,CARY ST,11776016,3727595,"(37.556077193, -77.48886721)"
190,201106020795,06/02/2011,2126,CARY ST,50,Feet,W,GRANBY ST,11782906,3724598,"(37.547641723, -77.465213326)"
120,201007130835,07/13/2010,2340,VENABLE ST,None,None,None,JESSAMINE ST,11796995,3721368,"(37.538337383, -77.416746578)"
5,200902100149,02/10/2009,722,BROOK ROAD,None,None,None,None,11788031,3728905,"(37.55931406, -77.447370895)"
470,201410230166,10/23/2014,1032,100 W MAIN ST,None,None,None,NORTH JEFFERSON ST,11788553,3723230,"(37.543713305, -77.445788795)"
9,200902170723,02/17/2009,2305,BOULEVARD,None,None,None,FLOYD AVE,11780046,3726814,"(37.553813038, -77.474994871)"
206,201108031129,08/03/2011,1640,DILL AVE,None,None,None,RADY ST,11796808,3732755,"(37.569614274, -77.416940929)"
344,201304120440,04/12/2013,1718,MAIN ST,None,None,None,17TH ST,11793604,3719545,"(37.533437315, -77.428512458)"
145,201010120428,10/12/2010,1600,31ST ST,None,None,None,HULL ST,11783503,3710333,"(37.508448724, -77.463694323)"
79,200910280431,10/28/2009,1522,LOMBARDY ST,None,None,None,BROAD ST,11785507,3726988,"(37.554126542, -77.45615098)"
331,201301040312,01/04/2013,1455,14TH ST,None,None,None,BANK ST,11792788,3720546,"(37.536211682, -77.43128733)"
478,201412100077,12/10/2014,800,MAIN ST,None,None,None,ADAMS ST,11788701,3723186,"(37.543587931, -77.445280047)"
197,201106230510,06/23/2011,1,LOMBARDY ST,193,Feet,N,MOORE ST,11786516,3728385,"(37.557932309, -77.452617042)"
224,201110050222,10/05/2011,1059,W LEIGH ST,None,None,None,ST PETER ST,11789722,3725524,"(37.549977201, -77.441668277)"
163,201102160133,02/16/2011,756,CHAMBERLAYNE AVE,None,None,None,OVERBROOK ROAD,11788952,3731230,"(37.565670742, -77.444104043)"
301,201209160128,09/16/2012,323,BROAD ST,30,Feet,E,HENRY ST,11788393,3724874,"(37.54823299, -77.446277336)"
180,201105160317,05/16/2011,1248,LIBBIE AVE,None,None,None,PATTERSON AVE,11768575,3735982,"(37.579325875, -77.514233135)"
278,201207020338,07/02/2012,1429,BROAD ST,None,None,None,WESTMORELAND ST,11775891,3735553,"(37.577935263, -77.489004405)"
209,201108160644,08/16/2011,1756,CHAMBERLAYNE AVE,None,None,None,WICKHAM ST,11789045,3730597,"(37.563929538, -77.443807631)"
55,200908130245,08/13/2009,1005,CHAMBERLAYNE AVE,None,None,None,WICKHAM ST,11789045,3730597,"(37.563929538, -77.443807631)"
98,201004240288,04/24/2010,933,BOULEVARD,None,None,None,PARK AVE,11780925,3728885,"(37.559474205, -77.471885027)"
188,201106020181,06/02/2011,830,BROAD ST,20,Feet,W,LOMBARDY ST,11785507,3726988,"(37.554126542, -77.45615098)"
457,201408310515,08/31/2014,2140,BELVIDERE ST,10,Feet,N,GRACE ST,11787885,3724760,"(37.547935481, -77.448033888)"
454,201408240309,08/24/2014,1342,BROAD ST,None,None,None,LOMBARDY ST,11785507,3726988,"(37.554126542, -77.45615098)"
421,201403270170,03/27/2014,1044,MONUMENT AVE,100,Feet,W,CLEVELAND ST,11779616,3730350,"(37.563536477, -77.47634586)"
438,201405310578,05/31/2014,2040,GROVE AVE,None,None,None,HAMILTON ST,11775792,3729272,"(37.560689195, -77.489577986)"
387,201309060668,09/06/2013,2125,4110 HULL STREET ROAD,None,None,None,None,11779914,3707621,"(37.501108448, -77.476168233)"
420,201403200449,03/20/2014,1850,BROOKLAND PARK BLVD,None,None,None,LAMB AVE,11792895,3733347,"(37.571362542, -77.430418144)"
141,201010010635,10/01/2010,1748,MEADOW ST,None,None,None,PARKWOOD AVE,11782413,3724467,"(37.547296796, -77.466918694)"
356,201305190222,05/19/2013,1025,FOREST HILL AVE,None,None,None,48TH ST,11776637,3714735,"(37.52074234, -77.487200992)"
194,201106150162,06/15/2011,910,BROOK ROAD,None,None,None,OVERBROOK ROAD,11787659,3731084,"(37.56530943, -77.448570447)"
444,201406220201,06/22/2014,945,BRAMWELL ROAD,None,None,None,WARWICK ROAD,11772386,3706064,"(37.497053898, -77.502174099)"
269,201206020257,06/02/2012,1059,BOULEVARD,25,Feet,N,GRACE ST,11781245,3729640,"(37.561538022, -77.470752732)"
157,201011300738,11/30/2010,2310,MAIN ST,None,None,None,BELVIDERE ST,11787621,3723968,"(37.545768553, -77.448974877)"
452,201408060228,08/06/2014,1236,FLOYD AVE,None,None,None,ALLEN AVE,11783605,3725265,"(37.549452384, -77.462777103)"
371,201307020108,07/02/2013,759,411 E FRANKLIN ST,None,None,None,None,11790322,3722354,"(37.541253209, -77.439721548)"
215,201108310191,08/31/2011,840,BROOKLAND PARK BLVD,28,Feet,E,3RD AVE,11796722,3732614,"(37.56922977, -77.41724322)"
76,200910020331,10/02/2009,1244,BROAD ST,None,None,None,14TH ST,11793370,3721213,"(37.538025297, -77.429254156)"
62,200908280583,08/28/2009,1650,MAIN ST,None,None,None,MEADOW ST,11782713,3725168,"(37.549212876, -77.465857471)"
64,200909030453,09/03/2009,1602,PATTERSON AVE,25,Feet,W,WILLOW LAWN DR,11770295,3734713,"(37.575791455, -77.508344091)"
369,201306260492,06/26/2013,1956,2700 CHAMBERLAYNE AVE,None,None,None,None,11788757,3732127,"(37.568140074, -77.444742191)"
105,201005240440,05/24/2010,1638,MAGNOLIA ST,None,None,None,3RD AVE,11795823,3731125,"(37.565168963, -77.420403618)"
430,201405120190,05/12/2014,1045,CHAMBERLAYNE AVE,None,None,None,LABURNUM AVE,11787948,3738093,"(37.584548691, -77.447303764)"
127,201008270241,08/27/2010,1045,GORDON AVE,None,None,None,18TH ST,11790042,3710719,"(37.50930949, -77.441137319)"
339,201301300203,01/30/2013,1103,BROOK ROAD,350,Feet,S,WEBSTER ST,11789051,3727310,"(37.554902571, -77.443913794)"
230,201110290254,10/29/2011,900,3021 CHAMBERLAYNE AVE,None,None,None,None,11788615,3734330,"(37.574194311, -77.44514717)"
177,201104300571,04/30/2011,1845,32ND ST,30,Feet,W,STOCKTON ST,11783535,3709340,"(37.505720737, -77.463621591)"
123,201008190449,08/19/2010,1700,BAINBRIDGE ST,None,None,None,None,11787819,3714358,"(37.519371273, -77.44866111)"
405,201311110152,11/11/2013,1018,BROAD ST,50,Feet,W,RYLAND ST,11786200,3726480,"(37.552710396, -77.453779947)"
412,201312270254,12/27/2013,1512,MAIN ST,15,Feet,W,HARRISON ST,11785791,3723981,"(37.545860039, -77.455286133)"
318,201210310391,10/31/2012,1720,ELLWOOD AVE,50,Feet,W,BELMONT AVE,11778744,3726890,"(37.554060489, -77.479483188)"
212,201108210134,08/21/2011,239,3000 IDLEWOOD AVE,None,None,None,None,11778560,3725527,"(37.550322848, -77.480168676)"
409,201312070038,01/09/2013,115,LEIGH ST,None,None,None,3RD ST,11791223,3724414,"(37.546882579, -77.436534113)"
450,201408030219,08/03/2014,940,MAIN ST,None,None,None,17TH ST,11793604,3719545,"(37.533437315, -77.428512458)"
242,201201070329,01/07/2012,1159,36TH ST,None,None,None,HULL ST,11782094,3709175,"(37.505310949, -77.468595241)"
30,200905200499,05/20/2009,1710,CHAMBERLAYNE AVE,None,None,None,LADIES MILE ROAD,11788524,3734161,"(37.573732995, -77.445467666)"
286,201208060336,08/06/2012,1523,THREE CHOPT ROAD,None,None,None,TOWANA ROAD,11765078,3735102,"(37.577008872, -77.52633125)"
447,201407270010,07/27/2014,7,ROWLAND ST,None,None,None,CARY ST,11782178,3724916,"(37.54853691, -77.467712302)"
27,200905180344,05/18/2009,1045,MARSHALL ST,None,None,None,9TH ST,11792258,3722513,"(37.541629953, -77.433038416)"
68,200909140166,09/14/2009,850,LEIGH ST,None,None,None,GILMER ST,11788461,3726436,"(37.552520491, -77.445982639)"
453,201408080412,08/08/2014,1640,BANK ST,None,None,None,10TH ST,11791726,3721250,"(37.538177982, -77.434922349)"
440,201406090364,06/09/2014,1521,BELVIDERE ST,None,None,None,FRANKLIN ST,11787681,3724425,"(37.547021739, -77.448750381)"
40,200906240148,06/24/2009,820,LABURNUM AVE,None,None,None,TEAKWOOD AVE,11782229,3737836,"(37.584016416, -77.467048768)"
1,200901020677,01/02/2009,2307,31ST ST,None,None,None,LEIGH ST,11798727,3718693,"(37.530936536, -77.410879888)"
261,201204250401,04/25/2012,1710,711 N LOMBARDY ST,None,None,None,None,11785699,3727179,"(37.554645236, -77.4554814)"
29,200905200073,05/20/2009,218,GRACE,None,None,None,STUART,0,0,"(21.84881981, -111.898763822)"
240,201201010512,01/01/2012,1233,OLD POST ROAD,None,None,None,BARONET DR,11782630,3698784,"(37.476758511, -77.467139461)"
32,200905220385,05/22/2009,1344,JEFFERSON DAVIS HWY,None,None,None,HULL ST,11787840,3713889,"(37.518082647, -77.448606715)"
220,201109170227,09/17/2011,630,FOREST HILL AVE,150,Feet,E,WOODBERRY LANE,11768485,3720419,"(37.536588874, -77.515103974)"
473,201410310405,10/31/2014,1536,LOMBARDY ST,100,Feet,N,LEIGH ST,11786269,3728043,"(37.557000627, -77.453482172)"
169,201103140605,03/14/2011,2110,CHAMBERLAYNE AVE,None,None,None,GRAHAM ROAD,11788996,3730929,"(37.564842783, -77.443963863)"
477,201412080642,12/08/2014,1924,HARRISON ST,None,None,None,FLOYD AVE,11785779,3724465,"(37.547189574, -77.455309048)"
391,201309140197,09/14/2013,831,BROAD ST,None,None,None,MEADOW ST,11784210,3727939,"(37.556777493, -77.460588773)"
360,201305310072,05/31/2013,2200,M ST,20,Feet,E,38TH ST,11800817,3717627,"(37.527942634, -77.403715541)"
51,200907300800,07/30/2009,2127,THOMPSON ST,60,Feet,S,FLOYD AVE,11776360,3728409,"(37.558302494, -77.487650459)"
403,201310250435,10/25/2013,1700,MAIN ST,None,None,None,MEADOW ST,11782713,3725168,"(37.549212876, -77.465857471)"
399,201310090209,10/09/2013,1440,HANCOCK ST,None,None,None,LEIGH ST,11787694,3726996,"(37.554081859, -77.448606778)"
104,201005240255,05/24/2010,1206,3RD ST,200,Feet,S,FRANKLIN ST,11789978,3722731,"(37.542299139, -77.440893358)"
289,201208080437,08/08/2012,1738,HILL ST,None,None,None,2ND ST,11792490,3726716,"(37.553165074, -77.432074298)"
377,201308020422,08/02/2013,1700,MONUMENT AVE,None,None,None,MALVERN AVE,11776635,3732540,"(37.569639017, -77.486548821)"
172,201104090263,04/09/2011,903,GROVE AVE,None,None,None,MULBERRY ST,11780549,3727083,"(37.554536759, -77.47324972)"
250,201203010619,03/01/2012,1846,MCGUIRE DR,None,None,None,BROAD ROCK ROAD,11782044,3707603,"(37.500995345, -77.468826795)"
96,201004180406,04/18/2010,1435,SEMMES AVE,300,Feet,W,COWARDIN AVE,11786922,3715754,"(37.523232409, -77.451700365)"
223,201110030147,10/03/2011,835,BELVIDERE ST,25,Feet,S,BROAD ST,11788092,3725095,"(37.548849126, -77.447307031)"
431,201405120504,05/13/2014,1722,MAIN ST,None,None,None,15TH ST,11793064,3719950,"(37.534566352, -77.430358806)"
154,201011130443,11/13/2010,1400,HERMITAGE ROAD,None,None,None,OVERBROOK ROAD,11784195,3731071,"(37.565379081, -77.460521548)"
77,200910040018,10/04/2009,15,GROVE AVE,None,None,None,LOMBARDY ST,11784503,3725360,"(37.549686139, -77.459676096)"
389,201309090411,09/09/2013,1738,COWARDIN AVE,None,None,None,BAINBRIDGE ST,11787672,3714271,"(37.519136846, -77.44917128)"
199,201106290573,06/29/2011,1731,MAIN ST,200,Feet,W,23RD ST,11795186,3718364,"(37.530144595, -77.423103444)"
225,201110100538,10/10/2011,1920,GROVE AVE,None,None,None,BOULEVARD,11780221,3727226,"(37.55493926, -77.474375782)"
282,201207290600,07/29/2012,2224,RIVER ROAD,120,Feet,W,BRIDGEWAY ROAD,11763701,3731862,"(37.568150008, -77.531197335)"
396,201310040441,10/04/2013,1644,CARY ST,None,None,None,SHIELDS AVE,11781818,3725072,"(37.548976125, -77.468948129)"
460,201409120399,09/12/2014,1550,5TH ST,None,None,None,BROAD ST,11790972,3722978,"(37.542946778, -77.437455584)"
187,201105310147,05/31/2011,750,17TH ST,None,None,None,MAIN ST,11793604,3719545,"(37.533437315, -77.428512458)"
317,201210280409,10/28/2012,1612,GRACE ST,None,None,None,FOUSHEE ST,11789430,3723625,"(37.544771125, -77.442748812)"
327,201212030398,12/03/2012,1620,BROOK ROAD,None,None,None,CLAREMONT AVE,11786610,3739407,"(37.588198073, -77.451870621)"
92,201004010005,04/01/2010,5,BELMONT AVE,None,None,None,CUTSHAW AVE,11780438,3730671,"(37.564393499, -77.473498026)"
475,201411080091,11/08/2014,214,600 S ROBINSON AVE,None,None,None,LAKEVIEW AVAE,0,0,"(21.84881981, -111.898763822)"
107,201006010603,06/01/2010,1754,MEADOWBRIDGE ROAD,None,None,None,FRONT ST,11795922,3733870,"(37.572704155, -77.419953726)"
472,201410280420,10/28/2014,1627,COLUMBIA ST,None,None,None,SPRINGS ROAD,11789534,3700120,"(37.480217668, -77.443297594)"
375,201307240289,07/24/2013,1416,3RD ST,None,None,None,CANAL ST,11789284,3721782,"(37.539714336, -77.443323518)"
192,201106040324,06/04/2011,1139,GROVE AVE,50,Feet,E,LIBBIE AVE,11767376,3733662,"(37.572988957, -77.518453655)"
3,200901170598,01/17/2009,1924,BROAD ROCK BLVD,None,None,None,WALMSLEY BLVD,11778057,3696324,"(37.470139047, -77.482988854)"
312,201210140232,10/14/2012,1131,ROYALL AVE,None,None,None,KROUSE ST,11790366,3705654,"(37.495389797, -77.440216399)"
249,201202250702,02/25/2012,2054,LOMBARDY ST,None,None,None,BROAD ST,11785507,3726988,"(37.554126542, -77.45615098)"
485,201503220493,03/22/2015,1945,R ST,None,None,None,25TH ST,11798523,3721746,"(37.539327181, -77.411461954)"
468,201410210385,10/21/2014,1830,BELVIDERE ST,None,None,None,FRANKLIN ST,11787681,3724425,"(37.547021739, -77.448750381)"
11,200903100157,03/10/2009,813,FLOYD AVE,None,None,None,ROBINSON ST,11780730,3726517,"(37.552976991, -77.472646617)"
397,201310050377,10/05/2013,1430,NORTHSIDE AVE,None,None,None,MEADOWBRIDGE ROAD,11795741,3734209,"(37.573640799, -77.420564851)"
24,200905020909,05/02/2009,2349,OVERBROOK ROAD,None,None,None,TAZEWELL ST,11789532,3731213,"(37.565606223, -77.442103727)"
239,201112300198,12/30/2011,845,MONUMENT AVE,None,None,None,BOULEVARD,11781089,3729272,"(37.560532084, -77.471304732)"
33,200905270057,05/27/2009,140,ROBINSON ST,None,None,None,MAIN ST,11780554,3726106,"(37.551853552, -77.473269127)"
407,201311260110,11/26/2013,850,21ST ST,None,None,None,FRANKLIN ST,11794893,3719078,"(37.532114569, -77.424085739)"
433,201405200379,05/20/2014,1600,HAMILTON ST,None,None,None,BROAD ST,11778667,3732708,"(37.570040265, -77.479531849)"
362,201306020528,06/02/2013,2020,MIDLOTHIAN TPKE,None,None,None,OLD WARWICK ROAD,11768954,3708356,"(37.503447373, -77.513921112)"
467,201410200313,10/20/2014,1430,MEADOW ST,10,Feet,S,GRAYLAND AVE,11782302,3724207,"(37.546586114, -77.467311356)"
87,201001190344,01/19/2010,1254,CHAMBERLAYNE AVE,75,Feet,S,HAMMOND AVE,11788772,3732468,"(37.569076068, -77.444677288)"
443,201406190118,06/19/2014,730,BROOK ROAD,None,None,None,BROOKLAND PKWY,11787426,3733654,"(37.572374295, -77.449275595)"
57,200908190510,08/19/2009,1620,BROAD ST,None,None,None,TERMINAL PL,11781891,3729640,"(37.561518658, -77.468524178)"
86,200912210300,12/21/2009,1400,BROAD ST,25,Feet,E,LOMBARDY ST,11785507,3726988,"(37.554126542, -77.45615098)"
370,201306280126,06/28/2013,603,SPAINE ST,None,None,None,STOCKTON ST,11781659,3707793,"(37.501528675, -77.470146744)"
414,201401060294,01/06/2014,1410,BROAD ST,None,None,None,SHEPPARD ST,11780997,3730299,"(37.563355199, -77.471583509)"
299,201209080112,09/08/2012,325,MAIN ST,None,None,None,MEADOW ST,11782713,3725168,"(37.549212876, -77.465857471)"
45,200907220492,07/22/2009,1604,BROOKLAND PARK BLVD,None,None,None,NORTH AVE,11792224,3733380,"(37.571474023, -77.432731948)"
244,201202040584,02/04/2012,1830,BROOKLAND PARK BLVD,None,None,None,NOBLE AVE,11789498,3733520,"(37.571942755, -77.442131835)"
153,201011100147,11/10/2010,815,MARSHALL ST,40,Feet,W,9TH ST,11792258,3722513,"(37.541629953, -77.433038416)"
63,200909010261,09/01/2009,1125,3RD AVE,None,None,None,VICTOR ST,11796196,3731741,"(37.566848898, -77.419092464)"
307,201210040373,10/04/2012,1800,PARKWOOD AVE,None,None,None,MEADOW ST,11782413,3724467,"(37.547296796, -77.466918694)"
4,200901220127,01/22/2009,803,CARY ST,75,Feet,E,MEADOW ST,11782538,3724759,"(37.548094936, -77.466476528)"
155,201011170260,11/17/2010,1110,BROOKLAND PARK BLVD,None,None,None,3RD AVE,11796722,3732614,"(37.56922977, -77.41724322)"
352,201305070248,05/07/2013,1405,MAIN ST,None,None,None,3RD ST,11789749,3722414,"(37.541435641, -77.441695408)"
184,201105250082,05/25/2011,343,FAIRMOUNT AVE,15,Feet,N,22ND ST,11798001,3722707,"(37.541982804, -77.413224036)"
368,201306260131,06/26/2013,844,GOVERNOR ST,None,None,None,BANK ST,11792375,3720773,"(37.536847906, -77.432702749)"
116,201006180564,06/18/2010,1604,2ND ST,None,None,None,CANAL ST,11789021,3721975,"(37.540252437, -77.444223099)"
462,201409220271,09/22/2014,1225,MAIN ST,None,None,None,ORLEANS ST,11797846,3713875,"(37.517733129, -77.414108999)"
349,201304260456,04/26/2013,1715,HENRY ST,None,None,None,GRACE ST,11788161,3724555,"(37.547364057, -77.447089812)"
231,201111110457,11/11/2011,1555,MAIN ST,None,None,None,BELVIDERE ST,11787621,3723968,"(37.545768553, -77.448974877)"
178,201105020037,05/02/2011,132,SHIELDS AVE,50,Feet,S,MAIN ST,11781995,3725480,"(37.550091272, -77.468322241)"
80,200911090447,11/09/2009,1821,N 8TH ST,None,None,None,None,11792378,3723256,"(37.543666665, -77.43259558)"
268,201205270113,05/27/2012,237,ELLWOOD AVE,None,None,None,COLONIAL AVE,11779475,3726571,"(37.553162716, -77.476973576)"
217,201109100673,09/10/2011,1849,SPRING ST,None,None,None,LAUREL ST,11786855,3721550,"(37.539151584, -77.451709457)"
61,200908280302,08/28/2009,1044,BROAD ST,None,None,None,HARRISON ST,11786628,3726167,"(37.551837796, -77.452315602)"
275,201206210585,06/21/2012,1825,B3200 DILL AVE,None,None,None,None,11797994,3733403,"(37.571356367, -77.412823336)"
234,201111230259,11/23/2011,1207,FRANKLIN ST,None,None,None,HENRY ST,11787934,3724238,"(37.546500457, -77.447884947)"
321,201211020516,11/02/2012,1841,MECHANICSVILLE TPKE,50,Feet,N,COOL LANE,11798427,3726936,"(37.553583022, -77.411586658)"
236,201112090273,12/09/2011,1118,GRACE ST,36,Feet,E,HARRISON ST,11786398,3725853,"(37.550982492, -77.453120958)"
320,201211010371,11/01/2012,1534,MECHANICSVILLE TPKE,None,None,None,I-64,11798859,3727821,"(37.555999721, -77.410061278)"
22,200904260577,04/26/2009,1644,2911 JEFFERSON DAVIS HWY,None,None,None,None,11789172,3701378,"(37.483683576, -77.444496588)"
292,201208180418,08/18/2012,1420,PARKER ST,None,None,None,NATIONAL ST,11803285,3713119,"(37.515483685, -77.395387271)"
221,201109230571,09/23/2011,1916,HULL ST,None,None,None,WARWICK ROAD,0,0,"(21.84881981, -111.898763822)"
54,200908110165,08/05/2009,1350,MOSBY ST,None,None,None,FAIRMOUNT AVE,11796923,3723506,"(37.544211048, -77.416910286)"
342,201303080297,03/08/2013,1225,MAIN ST,None,None,None,14TH ST,11792601,3720305,"(37.535555656, -77.431941621)"
406,201311120567,11/13/2013,2307,CARY ST,25,Feet,W,GRANBY ST,11782906,3724598,"(37.547641723, -77.465213326)"
415,201402010436,02/01/2014,1717,RICHMOND HENRICO TPKE,None,None,None,VALE ST,11793446,3729576,"(37.56098947, -77.428664738)"
340,201302070616,02/07/2013,2151,ELLWOOD AVE,None,None,None,BELMONT AVE,11778744,3726890,"(37.554060489, -77.479483188)"
18,200904090748,04/09/2009,2000,21ST ST,None,None,None,PHAUP ST,11799626,3725975,"(37.550905888, -77.407489211)"
218,201109120387,09/12/2011,1500,EXCHANGE AL,25,Feet,W,VIRGINIA ST,11792153,3720355,"(37.535706877, -77.43348463)"
81,200911100567,11/10/2009,1915,LABURNUM AVE,None,None,None,MOSS SIDE AVE,11789468,3738163,"(37.58469426, -77.44205581)"
385,201308300730,08/30/2013,2340,GRACE ST,None,None,None,LAUREL ST,11787352,3725152,"(37.549028294, -77.449857241)"
174,201104190173,04/19/2011,1010,HUGUENOT ROAD,None,None,None,CHIPPENHAM PKWY,11757426,3723452,"(37.545228986, -77.553137811)"
465,201410140382,10/14/2014,1645,7TH ST,500,Feet,S,JACKSON ST,11792518,3723971,"(37.545625859, -77.432084831)"
136,201009210525,09/21/2010,1637,FOREST HILL AVE,None,None,None,DORCHESTER ROAD,11774326,3716141,"(37.524671385, -77.495117515)"
173,201104170609,04/17/2011,1814,BROAD ROCK BLVD,None,None,None,WELFORD AVE,11778364,3697915,"(37.474499275, -77.481871934)"
324,201211160343,11/16/2012,1415,THOMPSON ST,200,Feet,N,ELLWOOD AVE,11776178,3727997,"(37.557176409, -77.488293524)"
283,201208020322,08/02/2012,1416,BROAD ST,None,None,None,MONROE ST,11788638,3724694,"(37.547731158, -77.445439229)"
395,201309240459,09/24/2013,1756,BROAD ROCK BLVD,15,Feet,W,SNEAD ROAD,11778421,3698152,"(37.475148453, -77.481666715)"
284,201208030196,08/03/2012,845,MONUMENT AVE,None,None,None,ALLEN AVE,11784363,3726869,"(37.553834416, -77.460101651)"
255,201203200489,03/20/2012,1932,BROAD ST,None,None,None,BELVIDERE ST,11788092,3725095,"(37.548849126, -77.447307031)"
246,201202130398,02/13/2012,1506,GRACE ST,102,Feet,W,HARRISON ST,11786398,3725853,"(37.550982492, -77.453120958)"
164,201102170303,02/17/2011,1155,1ST ST,None,None,None,GRACE ST,11789690,3723434,"(37.544238598, -77.441859458)"
325,201211190079,11/19/2012,744,RUFFIN ROAD,None,None,None,JEFFERSON DAVIS HWY,11789236,3699805,"(37.479361754, -77.444336652)"
110,201006070846,06/07/2010,2240,BROAD ST,None,None,None,18TH ST,11794571,3720309,"(37.535505236, -77.425147792)"
401,201310170336,10/17/2013,1300,BROAD ST,75,Feet,E,MEADOW ST,11784210,3727939,"(37.556777493, -77.460588773)"
297,201209060151,09/06/2012,904,LEIGH ST,None,None,None,CHAMBERLAYNE PKWY,11790160,3725200,"(37.549073933, -77.44017006)"
37,200905310436,05/31/2009,1504,FOREST HILL AVE,500,Feet,E,HATHAWAY ROAD,11767065,3720955,"(37.538101446, -77.519981865)"
42,200907090712,07/09/2009,1630,NANSEMOND ST,None,None,None,ELLWOOD AVE,11776865,3727702,"(37.55634603, -77.485934594)"
338,201301270079,01/27/2013,131,CARY ST,10,Feet,W,VINE ST,11783614,3724290,"(37.546774548, -77.46278301)"
337,201301250143,01/25/2013,735,29TH ST,None,None,None,MCDONOUGH ST,11783725,3713583,"(37.517367314, -77.462805915)"
162,201102130253,02/13/2011,1150,1ST ST,54,Feet,N,BROAD ST,11789923,3723751,"(37.545101973, -77.441043584)"
264,201205020604,05/02/2012,2117,LOMBARDY ST,None,None,None,BROAD ST,11785507,3726988,"(37.554126542, -77.45615098)"
89,201003010503,03/01/2010,1730,MAIN ST,100,Feet,E,PLUM ST,11784509,3724387,"(37.547013886, -77.459692385)"
58,200908200358,08/20/2009,1206,BELMONT AVE,None,None,None,CARY ST,11778493,3726517,"(37.553043597, -77.480362894)"
290,201208140429,08/14/2012,2015,TOWANA ROAD,None,None,None,OLD MILL ROAD,11764026,3735825,"(37.579024133, -77.52993555)"
149,201010270402,10/27/2010,1346,HARRISON ST,150,Feet,S,BROAD ST,11786628,3726167,"(37.551837796, -77.452315602)"
228,201110180194,10/18/2011,950,8TH ST,50,Feet,S,CARY ST,11790830,3721135,"(37.537889888, -77.438016837)"
167,201103040647,03/04/2011,2050,MEADOWBRIDGE ROAD,None,None,None,PATRICK AVE,11795122,3736558,"(37.580111015, -77.422608092)"
182,201105230414,05/23/2011,1454,FRANKLIN ST,None,None,None,BELVIDERE ST,11787681,3724425,"(37.547021739, -77.448750381)"
97,201004180527,04/18/2010,1825,WILLIAMSBURG AVE,None,None,None,31ST ST,11797136,3716462,"(37.524860007, -77.416454518)"
315,201210220374,10/22/2012,1552,BROAD ST,None,None,None,21ST ST,11795369,3719715,"(37.533848999, -77.422419224)"
254,201203190271,03/19/2012,1354,BOROUGHBRIDGE ROAD,None,None,None,BASSETT AVE,11774665,3712700,"(37.515211632, -77.494075044)"
168,201103110873,03/11/2011,2312,MEADOW ST,None,None,None,MONUMENT AVE,11783744,3727323,"(37.555099905, -77.462219625)"
449,201408020062,08/02/2014,158,CARY ST,360,Feet,E,ADDISON ST,11781458,3725227,"(37.549412581, -77.470184009)"
134,201009190098,09/19/2010,1,GRACE ST,None,None,None,HARRISON ST,11786398,3725853,"(37.550982492, -77.453120958)"
273,201206150098,06/15/2012,230,2ND ST,None,None,None,MAIN ST,11789485,3722607,"(37.541973785, -77.442598447)"
52,200908040653,08/04/2009,1955,M ST,None,None,None,30TH ST,11798698,3719207,"(37.532349008, -77.410959443)"
19,200904120010,04/11/2009,2330,MEADOW ST,None,None,None,LAKEVIEW AVE,11781822,3723060,"(37.543450604, -77.469010126)"
59,200908230115,08/23/2009,220,HULL ST,None,None,None,6TH ST,11790515,3716070,"(37.523989995, -77.43929944)"
219,201109160568,09/16/2011,1725,900 N BOULEVARD,None,None,None,None,11781413,3730121,"(37.562853919, -77.470155068)"
186,201105290152,05/29/2011,2011,COWARDIN AVE,None,None,None,SEMMES AVE,11786922,3715754,"(37.523232409, -77.451700365)"
185,201105260215,05/26/2011,1037,BROAD ST,None,None,None,DMV DR,11782865,3728926,"(37.559528587, -77.465191101)"
41,200906260621,06/26/2009,1804,JAHNKE ROAD,None,None,None,FOREST HILL AVE,11775358,3715461,"(37.522773716, -77.491584132)"
479,201412100310,12/10/2014,1635,BROAD ST,None,None,None,ADAMS ST,11789394,3724139,"(37.546183787, -77.442853123)"
266,201205130296,05/13/2012,1020,18TH ST,None,None,None,MAIN ST,11793858,3719355,"(37.532907613, -77.42764399)"
93,201004070777,04/07/2010,2015,MAIN ST,None,None,None,WHARF ST,11797327,3714826,"(37.520361168, -77.415860722)"
394,201309210334,09/21/2013,1253,IDLEWOOD AVE,None,None,None,TEMPLE ST,11783445,3723359,"(37.544222913, -77.463401169)"
413,201401030374,01/03/2014,1734,1200 E BROOKLAND PARK BLVD,None,None,None,None,11795809,3732949,"(37.570178461, -77.420379949)"
314,201210190438,10/19/2012,1654,MAIN ST,None,None,None,STAFFORD AVE,11781276,3725792,"(37.550969647, -77.47079052)"
418,201403060021,03/06/2014,45,LAUREL ST,50,Feet,S,IDLEWOOD AVE,11786861,3722524,"(37.541826221, -77.45165146)"
91,201003200589,03/20/2010,1810,GRACE ST,78,Feet,W,BELVIDERE ST,11787885,3724760,"(37.547935481, -77.448033888)"
117,201006280224,06/28/2010,1042,FRANKLIN ST,10,Feet,W,BOYD ST,11785944,3725703,"(37.550584376, -77.454692662)"
491,201505290720,05/29/2015,1,COMMERCE ROAD,None,None,None,DINWIDDIE AVE,11791475,3713312,"(37.516386227, -77.436096501)"
302,201209160300,09/16/2012,1330,DAVIS AVE,20,Feet,W,MAIN ST,11780918,3725947,"(37.551406024, -77.472019543)"
270,201206020557,06/02/2012,2005,BROAD ST,None,None,None,19TH ST,11794835,3720111,"(37.534953227, -77.424245153)"
374,201307170423,07/17/2013,1718,LAUREL ST,None,None,None,FRANKLIN ST,11787124,3724834,"(37.54816196, -77.450655849)"
361,201305310113,05/31/2013,637,FLOYD AVE,None,None,None,BELMONT AVE,11778928,3727298,"(37.555175483, -77.478833267)"
128,201009040394,09/04/2010,1220,POMPEY SPRING ROAD,None,None,None,HOPKINS ROAD,11780696,3701473,"(37.484201139, -77.473703073)"
15,200903280385,03/28/2009,1541,WARWICK ROAD,None,None,None,BROAD ROCK BLVD,11779308,3701051,"(37.48308356, -77.47850218)"
330,201212210226,12/21/2012,1119,CHANTILLY ST,None,None,None,BROAD ST,11775039,3736418,"(37.580335757, -77.491912389)"
48,200907260494,07/26/2009,1728,BOULEVARD,None,None,None,CARY ST,11779699,3725994,"(37.551571477, -77.476222497)"
311,201210090572,10/09/2012,1630,MEADOW ST,200,Feet,S,GRAYLAND AVE,11782302,3724207,"(37.546586114, -77.467311356)"
214,201108300519,08/30/2011,1650,BROAD ST,None,None,None,17TH ST,11794304,3720511,"(37.536068316, -77.426060632)"
99,201004260417,04/26/2010,1540,MAIN ST,75,Feet,W,15TH ST,11793064,3719950,"(37.534566352, -77.430358806)"
122,201007190210,07/19/2010,1007,FOREST HILL AVE,None,None,None,FAIRLEE ROAD,11770810,3719059,"(37.532787096, -77.507135205)"
343,201303310017,03/31/2013,230,BELVIDERE ST,None,None,None,HOLLY ST,11787583,3720583,"(37.53647376, -77.449235895)"
281,201207280221,07/28/2012,925,STAPLES MILL ROAD,None,None,None,AUGUSTA AVE,11773890,3735879,"(37.578889179, -77.495896967)"
257,201204070182,04/07/2012,835,HARWOOD ST,None,None,None,COLUMBIA ST,11788806,3708533,"(37.503344207, -77.445482451)"
398,201310060588,10/06/2013,2130,OLD WARWICK ROAD,200,Feet,N,BROAD ROCK BLVD,11779131,3700707,"(37.482144104, -77.479124975)"
158,201012010542,12/01/2010,1900,23RD ST,None,None,None,W ST,11799211,3723787,"(37.544910377, -77.409007876)"
202,201107180205,07/18/2011,1017,CLOPTON ST,20,Feet,S,HULL ST,11785726,3712161,"(37.513401585, -77.455961205)"
378,201308030304,08/03/2013,1141,RADY ST,0,Miles,N,MAGNOLIA ST,11797019,3730403,"(37.563148576, -77.416306109)"
373,201307170264,07/17/2013,1240,LEIGH ST,None,None,None,BOULEVARD,11781871,3731117,"(37.565575414, -77.468537499)"
350,201304290161,04/29/2013,1036,BROAD ST,None,None,None,5TH ST,11790973,3722978,"(37.542946747, -77.437452135)"
323,201211090202,11/09/2012,1125,LEIGH ST,None,None,None,2ND ST,11790959,3724611,"(37.547431747, -77.437437025)"
355,201305170358,05/17/2013,1612,FAIRFIELD WAY,30,Feet,E,OLIVER HILL WAY,11794844,3724953,"(37.548250102, -77.424023792)"
279,201207030598,07/03/2012,2120,WINDER ST,None,None,None,ALLEN AVE,11782215,3721881,"(37.540201008, -77.467699158)"
31,200905210257,05/21/2009,1140,MECHANICSVILLE TPKE,None,None,None,MAGNOLIA ST,11799147,3728404,"(37.557591617, -77.409044582)"
109,201006030638,06/03/2010,1757,BANK ST,None,None,None,9TH ST,11791463,3721447,"(37.538727132, -77.435821696)"
474,201411030259,11/03/2014,1334,3RD ST,None,None,None,BROAD ST,11790450,3723364,"(37.544022938, -77.439240955)"
476,201411240384,11/24/2014,1525,FLOYD AVE,10,Feet,W,HARRISON ST,11785779,3724465,"(37.547189574, -77.455309048)"
285,201208050565,08/05/2012,2105,WALMSLEY BLVD,20,Feet,E,COTTRELL ROAD,11778306,3696299,"(37.470063019, -77.482131832)"
326,201211280130,11/28/2012,825,GROVE AVE,None,None,None,HAMILTON ST,11775792,3729272,"(37.560689195, -77.489577986)"
84,200911210030,11/21/2009,30,GRACE ST,50,Feet,E,STRAWBERRY ST,11782958,3728384,"(37.558037339, -77.464890782)"
146,201010140583,10/14/2010,1920,CHAMBERLAYNE AVE,None,None,None,BROOKLAND PARK BLVD,11788607,3733590,"(37.57216237, -77.445203302)"
357,201305220279,05/22/2013,1412,CHAMBERLAYNE AVE,10,Feet,S,WATKINS ST,11787144,3743571,"(37.5996169, -77.449867936)"
490,201505110338,05/11/2015,1549,BROAD ROCK BLVD,500,Feet,E,FERGUSON LANE,11778651,3699121,"(37.47780277, -77.480838129)"
12,20090310068,03/10/2009,237,GRAYLAND AVE,None,None,None,HARRISON ST,11785344,3722829,"(37.542709968, -77.456871764)"
426,201404190213,04/19/2014,1205,GROVE AVE,None,None,None,TUCKAHOE BLVD,11769230,3733114,"(37.571430916, -77.512076555)"
445,201406260120,06/26/2014,755,MEADOW ST,None,None,None,STUART AVE,11783418,3726804,"(37.553684455, -77.463363814)"
65,200909060731,09/06/2009,2251,KENSINGTON AVE,None,None,None,BELMONT AVE,11779643,3728935,"(37.559649777, -77.47630565)"
274,201206200421,06/20/2012,1930,FOREST HILL AVE,None,None,None,ROANOKE ST,11780446,3713192,"(37.516391932, -77.474125738)"
23,200904290555,04/29/2009,1730,25TH ST,None,None,None,LEIGH ST,11797138,3719879,"(37.534243766, -77.416312365)"
376,201307260173,07/26/2013,946,CHAMBERLAYNE AVE,None,None,None,WATKINS ST,11787144,3743571,"(37.5996169, -77.449867936)"
271,201206070511,06/07/2012,1810,MAIN ST,100,Feet,W,MULBERRY ST,11780195,3726262,"(37.552292679, -77.474501592)"
121,201007140556,07/14/2010,1743,BELT BLVD,500,Feet,S,BRANDON ROAD,11777096,3709955,"(37.50760174, -77.485795469)"
204,201107250146,07/25/2011,910,31ST ST,150,Feet,S,V ST,11801190,3721996,"(37.539928919, -77.40225417)"
16,200903300425,03/30/2009,1600,BROAD ST,30,Feet,W,9TH ST,11792028,3722201,"(37.540780271, -77.433843804)"
216,201109090511,09/09/2011,1559,SEMMES AVE,None,None,None,24TH ST,11785199,3714763,"(37.520563287, -77.45767902)"
66,200909090207,09/09/2009,847,W BROAD ST,None,None,None,HIGHPOINT AVE,11780069,3731253,"(37.566002808, -77.474749235)"
288,201208070520,08/07/2012,1840,CHAMBERLAYNE AVE,None,None,None,SCHOOL ST,11789438,3728944,"(37.559377977, -77.442515713)"
437,201405270537,05/27/2014,1845,CHAMBERLAYNE AVE,None,None,None,OVERBROOK ROAD,11788952,3731230,"(37.565670742, -77.444104043)"
108,201006020149,06/02/2010,829,9TH ST,None,None,None,GRACE ST,11791792,3721889,"(37.539930768, -77.434669866)"
47,200907250815,07/25/2009,2250,CANAL ST,None,None,None,14TH ST,11792434,3719788,"(37.534141049, -77.432537693)"
346,201304170554,04/17/2013,2018,FLOYD AVE,None,None,None,HARVIE ST,11785045,3724639,"(37.547689697, -77.457834071)"
293,201208200511,08/20/2012,2038,BLANTON AVE,None,None,None,FRENCH ST,11778292,3723816,"(37.545632002, -77.481156776)"
25,200905060361,05/06/2009,1445,FRANKLIN ST,10,Feet,E,FOUSHEE ST,11789200,3723307,"(37.5439049, -77.443554355)"
336,201301160197,01/16/2013,1123,LAUREL ST,None,None,None,GRACE ST,11787352,3725152,"(37.549028294, -77.449857241)"
300,201209090385,09/09/2012,1649,BELVIDERE ST,None,None,None,LEIGH ST,11788849,3726157,"(37.551742392, -77.44465505)"
400,201310170019,10/17/2013,20,ROBINSON ST,None,None,None,PARK AVE,11781629,3728397,"(37.558112971, -77.46947483)"
262,201204260177,04/26/2012,945,28TH ST,None,None,None,NINE MILE ROAD,11800277,3722432,"(37.54115538, -77.405385449)"
46,200907220551,07/22/2009,1712,BROAD ST,None,None,None,BELVIDERE ST,11788092,3725095,"(37.548849126, -77.447307031)"
392,201309140336,09/14/2013,1351,3RD AVE,None,None,None,FRONT ST,11797065,3733180,"(37.570773304, -77.416037409)"
441,201406150608,06/15/2014,2000,IDLEWOOD AVE,50,Feet,E,MEADOW ST,11782173,3723910,"(37.54577436, -77.46776749)"
260,201204230270,04/23/2012,1340,BROAD ST,150,Feet,E,DAVIS AVE,11782612,3729111,"(37.56004425, -77.466056881)"
446,201407180703,07/18/2014,2349,ROBINSON ST,None,None,None,FLOYD AVE,11780730,3726517,"(37.552976991, -77.472646617)"
456,201408280061,08/28/2014,259,CARY ST,50,Feet,W,ROWLAND ST,11782178,3724916,"(37.54853691, -77.467712302)"
280,201207280093,07/28/2012,203,MAIN ST,None,None,None,SHIELDS AVE,11781995,3725480,"(37.550091272, -77.468322241)"
484,201502030212,02/03/2015,1407,SCHOOL ST,None,None,None,BROOK ROAD,11787978,3729071,"(37.559771554, -77.447547343)"
140,201010010350,10/01/2010,1053,BELVIDERE ST,None,None,None,BROAD ST,11788092,3725095,"(37.548849126, -77.447307031)"
425,201404190195,04/19/2014,1115,GROVE AVE,None,None,None,ROSENEATH ROAD,11777752,3728298,"(37.557956571, -77.482852697)"
380,201308040337,08/03/2013,2215,MEDOWBRIDGE ROAD,None,None,None,LADIES MILE ROAD,11794967,3737153,"(37.581749854, -77.423119515)"
129,201009080482,09/08/2010,1653,JEFFERSON DAVIS HWY,None,None,None,TERMINAL AVE,11789120,3701082,"(37.482872283, -77.444687193)"
151,201011030678,11/03/2010,2231,HARRISON ST,None,None,None,FLOYD AVE,11785779,3724465,"(37.547189574, -77.455309048)"
114,201006160156,06/16/2010,745,MEADOW ST,200,Feet,S,GROVE AVE,11783065,3725986,"(37.551448688, -77.464612404)"
432,201405170379,05/17/2014,1620,FRANKLIN ST,60,Feet,W,JEFFERSON ST,11788679,3723687,"(37.54496446, -77.445336619)"
49,200907280275,07/28/2009,1152,OVERBROOK ROAD,None,None,None,HERMITAGE ROAD,11784195,3731071,"(37.565379081, -77.460521548)"
20,200904170046,04/17/2009,100,LAUREL ST,50,Feet,S,CARY ST,11786865,3723495,"(37.544492678, -77.451600472)"
243,201201170232,01/17/2012,1247,GRACE ST,None,None,None,MONROE ST,11788409,3724374,"(37.546859392, -77.4462414)"
26,200905080517,05/08/2009,1505,COWARDIN AVE,None,None,None,RIVERSIDE DR,11786748,3716726,"(37.52590705, -77.452263121)"
335,201301150403,01/15/2013,1850,FLOYD AVE,None,None,None,MORRIS ST,11785420,3724475,"(37.54722794, -77.456546897)"
131,201009110086,09/11/2010,124,BELVIDERE ST,None,None,None,FRANKLIN ST,11787681,3724425,"(37.547021739, -77.448750381)"
416,201402200101,02/20/2014,810,MONUMENT AVE,None,None,None,MULBERRY ST,11781549,3728933,"(37.55958734, -77.46973062)"
143,201010040252,10/04/2010,1151,CARY ST,None,None,None,ROWLAND ST,11782178,3724916,"(37.54853691, -77.467712302)"
181,201105190410,05/19/2011,1439,SOUTHWOOD PKWY,None,None,None,CLARKSON ROAD,11778947,3704798,"(37.493384522, -77.479606673)"
203,201107190725,07/19/2011,2200,MIDLOTHIAN TPKE,100,Feet,W,CARNATION ST,11767966,3708122,"(37.502833041, -77.517335272)"
90,201003130474,03/13/2010,1626,DORSET ROAD,None,None,None,BRITANNIA ROAD,11779946,3699995,"(37.480164526, -77.47634298)"
466,201410170001,10/17/2014,1,LAUREL ST,40,Feet,S,SPRING ST,11786855,3721550,"(37.539151584, -77.451709457)"
488,201504060313,04/06/2015,1616,700 S BELVIDERE ST,15,Miles,N,None,11787514,3720501,"(37.536250678, -77.449476997)"
196,201106220540,06/22/2011,1657,BROAD ROCK BLVD,None,None,None,KINSLEY AVE,11781133,3703756,"(37.490457792, -77.472111402)"
427,201404270529,04/27/2014,2140,RIVER ROAD,100,Feet,W,KANAWHA ROAD,11764702,3731860,"(37.568116253, -77.527743856)"
53,200908100118,08/10/2009,645,8TH ST,None,None,None,MAIN ST,11791062,3721451,"(37.538750523, -77.437204475)"
384,201308210161,08/21/2013,845,2800 GROVE AVE,None,None,None,N BOULEVARD,11780221,3727226,"(37.55493926, -77.474375782)"
102,201005120462,05/12/2010,1642,LEIGH ST,None,None,None,GILMER ST,11788461,3726436,"(37.552520491, -77.445982639)"
210,201108170300,08/17/2011,1206,BROAD ST,None,None,None,10TH ST,11792283,3722011,"(37.540250578, -77.432971765)"
94,201004120666,04/12/2010,2112,LOMBARDY ST,None,None,None,BROOK ROAD,11787803,3730169,"(37.562792246, -77.448108831)"
159,201012110257,12/11/2010,1054,LEE BRIDGE,None,None,None,2ND STREET OFF RAMP,11787475,3720507,"(37.536268347, -77.449611262)"
313,201210150370,10/15/2012,1600,BAINBRIDGE ST,None,None,None,COWARDIN AVE,11787672,3714271,"(37.519136846, -77.44917128)"
21,200904220418,04/22/2009,1448,MARSHALL ST,None,None,None,HARRISON ST,11786860,3726482,"(37.552695779, -77.451503292)"
316,201210240142,10/24/2012,800,BROAD ST,None,None,None,HANCOCK ST,11786926,3725948,"(37.551227287, -77.451296096)"
176,201104290619,04/29/2011,1808,CUSTIS ROAD,50,Feet,S,CHIPPENHAM PKWY,11761699,3722663,"(37.542943579, -77.538427728)"
198,201106260514,06/26/2011,1718,ROBINSON ST,None,None,None,MONUMENT AVE,11781856,3728708,"(37.558960236, -77.468680046)"
39,200906170158,06/17/2009,809,HULL ST,21,Feet,E,30TH ST,11784214,3710922,"(37.510044801, -77.461220924)"
132,201009140332,09/14/2010,1355,FRANKLIN ST,None,None,None,RYLAND ST,11785737,3725856,"(37.551010839, -77.455400821)"
461,201409200386,09/20/2014,1440,MONUMENT AVE,None,None,None,TILDEN ST,11779238,3730629,"(37.564313921, -77.477639486)"
428,201404290100,04/29/2014,848,ALLEN AVE,None,None,None,PARK AVE,11784091,3726501,"(37.552832034, -77.461053864)"
358,201305220297,05/22/2013,1445,BROAD ST,None,None,None,BELVIDERE ST,11788092,3725095,"(37.548849126, -77.447307031)"
14,200903270612,03/27/2009,1938,CLARKSON ROAD,25,Feet,N,CLARKSON CT,11779517,3705413,"(37.495056533, -77.477619124)"
226,201110150113,10/15/2011,208,MAIN ST,None,None,None,STAFFORD AVE,11781276,3725792,"(37.550969647, -77.47079052)"
2,200901120550,01/12/2009,1935,MEADOW ST,0,Feet,W,GROVE AVE,11783065,3725986,"(37.551448688, -77.464612404)"
383,201308180390,08/18/2013,1931,14TH ST,None,None,None,DECATUR ST,11788930,3714264,"(37.519079085, -77.444834193)"
207,201108060041,08/06/2011,56,MAIN ST,20,Feet,W,15TH ST,11793064,3719950,"(37.534566352, -77.430358806)"
138,201009260627,09/26/2010,1905,BELVIDERE ST,100,Feet,N,CUMBERLAND ST,11787613,3722997,"(37.54310222, -77.449039754)"
160,201101190311,01/19/2011,1253,MAIN ST,None,None,None,BRUNSWICK ST,11785229,3724071,"(37.546124264, -77.457221071)"
13,200903240518,03/24/2009,1711,11TH ST,None,None,None,SEMMES AVE,11788128,3716663,"(37.52569188, -77.447507123)"
381,201308080219,08/08/2013,1158,MARSHALL ST,None,None,None,1ST ST,11790155,3724067,"(37.545962627, -77.440231178)"
7,200902130351,02/13/2009,1300,LEIGH ST,70,Feet,E,9TH ST,11792775,3723238,"(37.543604898, -77.431227054)"
451,201408060010,08/06/2014,15,PARK AVE,100,Feet,E,LOMBARDY ST,11784755,3725941,"(37.551274061, -77.458784787)"
118,201006280576,06/28/2010,1840,5TH ST,None,None,None,BROAD ST,11790972,3722978,"(37.542946778, -77.437455584)"
482,201501140570,01/14/2015,2205,MIDLOTHIAN TPKE,None,None,None,GERMAN SCHOOL ROAD,11771657,3708989,"(37.505107848, -77.504580527)"
191,201106030581,06/03/2011,1811,FLOYD AVE,15,Feet,W,HARVIE ST,11785045,3724639,"(37.547689697, -77.457834071)"
291,201208160435,08/16/2012,1708,CARY ST,None,None,None,BELVIDERE ST,11787616,3723482,"(37.544434044, -77.449010784)"
402,201310240168,10/24/2013,1011,7TH ST,None,None,None,JACKSON ST,11792518,3723971,"(37.545625859, -77.432084831)"
351,201304300303,04/30/2013,1630,ALLEN AVE,None,None,None,BROAD ST,11784812,3727498,"(37.555548192, -77.458528925)"
103,201005210625,05/21/2010,1830,HUNT AVE,None,None,None,BRANCH AVE,11793944,3736728,"(37.580614719, -77.426666242)"
88,201002220441,02/22/2010,1725,E MARSHALL ST,None,None,None,None,11791870,3722818,"(37.542479585, -77.434364694)"
310,201210090160,10/09/2012,854,THOMPSON ST,None,None,None,PARK AVE,11777720,3730443,"(37.563848157, -77.482883359)"
111,201006080425,06/08/2010,1544,DAVIS AVE,None,None,None,HANOVER AVE,11781447,3727176,"(37.554765294, -77.470148611)"
34,200905280771,05/28/2009,2125,MAIN ST,None,None,None,ROWLAND ST,11782354,3725323,"(37.549649335, -77.467089887)"
106,201005260624,05/26/2010,1755,MECHANICSVILLE TPKE,None,None,None,I-64,11798859,3727821,"(37.555999721, -77.410061278)"
464,201410140278,10/14/2014,930,MONUMENT AVE,None,None,None,LOMBARDY ST,0,0,"(21.84881981, -111.898763822)"
70,200909150409,09/15/2009,1522,MIDLOTHIAN TPKE,None,None,None,ARCADIA ST,11767173,3707931,"(37.502331142, -77.520075658)"
404,201311090343,11/09/2013,1518,BELVIDERE ST,None,None,None,HOLLY ST,11787583,3720583,"(37.53647376, -77.449235895)"
439,201406070624,06/07/2014,2223,CUMBERLAND ST,None,None,None,BELVIDERE ST,11787613,3722997,"(37.54310222, -77.449039754)"
354,201305140341,05/14/2013,1610,PARKWOOD AVE,None,None,None,ADDISON ST,11781336,3724945,"(37.548641801, -77.47061542)"
366,201306210644,06/21/2013,2051,25TH ST,10,Feet,N,Q ST,11798274,3721410,"(37.538412337, -77.412334039)"
75,200909300128,09/30/2009,617,HOSPITAL ST,30,Feet,S,7TH ST,11794005,3725993,"(37.551132384, -77.426876849)"
434,201405220645,05/22/2014,1902,LEIGH ST,None,None,None,HERMITAGE ROAD,11784273,3729452,"(37.560930609, -77.460313968)"
211,201108170703,08/17/2011,2042,BOULEVARD,None,None,None,PARKWOOD AVE,11779577,3725705,"(37.550781451, -77.47665412)"
424,201404120205,04/12/2014,843,MONUMENT AVE,50,Feet,E,STAPLES MILL ROAD,11773258,3735017,"(37.576540385, -77.498109303)"
363,201306020546,06/02/2013,2103,NORTH 23RD ST,26,Feet,N,FAIRFIELD AVE,11799984,3724933,"(37.548032962, -77.406296017)"
388,201309090308,09/09/2013,1512,BROAD ST,None,None,None,8TH ST,11791761,3722397,"(37.541326807, -77.434757008)"
263,201204280425,04/28/2012,1628,MAIN ST,300,Feet,E,STRAWBERRY ST,11781635,3725636,"(37.550530481, -77.469558099)"
17,200904080432,04/08/2009,1610,10TH ST,30,Feet,N,CANAL ST,11791120,3720434,"(37.535955825, -77.437043943)"
200,201107130264,07/13/2011,1055,GRACE ST,None,None,None,MEADOW ST,11783987,3727654,"(37.556001563, -77.461368839)"
364,201306120149,06/12/2013,843,PATTERSON AVE,50,Feet,W,BOULEVARD,11780925,3728885,"(37.559474205, -77.471885027)"
295,201208310286,08/31/2012,1145,BROAD ST,None,None,None,1ST ST,11789923,3723751,"(37.545101973, -77.441043584)"
175,201104210022,04/21/2011,857,LEIGH ST,None,None,None,10TH ST,11793078,3723085,"(37.543175302, -77.430188007)"
161,201102030504,02/03/2011,1830,HARRISON ST,None,None,None,GROVE AVE,11785779,3724947,"(37.548513251, -77.455290649)"
67,200909100310,09/10/2009,1208,CARY ST,None,None,None,NANSEMOND ST,11776691,3727297,"(37.55523894, -77.486549813)"
382,201308170720,08/17/2013,2330,5TH ST,None,None,None,HOSPITAL ST,11793301,3726134,"(37.551541553, -77.429299626)"
165,201102210350,02/21/2011,1412,MONUMENT AVE,None,None,None,MEADOW ST,11783744,3727323,"(37.555099905, -77.462219625)"
130,201009100533,09/10/2010,1606,PARK AVE,None,None,None,THOMPSON ST,11777720,3730443,"(37.563848157, -77.482883359)"
417,201402220605,02/22/2014,2258,MARSHALL ST,None,None,None,MUNFORD ST,11788247,3725466,"(37.549863223, -77.44675813)"
101,201005110247,05/11/2010,1230,BROAD ST,None,None,None,HARRISON ST,11786628,3726167,"(37.551837796, -77.452315602)"
237,201112160662,12/16/2011,1900,HULL ST,None,None,None,10TH ST,11789604,3715325,"(37.521972123, -77.442469384)"
213,201108280703,08/28/2011,1811,MONUMENT AVE,None,None,None,BOULEVARD,11781089,3729272,"(37.560532084, -77.471304732)"
171,201103200635,03/20/2011,2145,GRACE ST,None,None,None,LOMBARDY ST,11785295,3726692,"(37.553320098, -77.456893541)"
201,201107140502,07/14/2011,1611,BROAD ST,None,None,None,ALLEN AVE,11784812,3727498,"(37.555548192, -77.458528925)"
304,201209170414,09/17/2012,1754,MECHANICSVILLE TPKE,None,None,None,FAIRFIELD AVE,11797619,3725237,"(37.548942776, -77.414441157)"
319,201211010188,11/01/2012,1018,BROAD ST,None,None,None,BOULEVARD,11781398,3730002,"(37.562527569, -77.470211294)"
481,201412300314,12/30/2014,1527,BROOK ROAD,30,Feet,S,LABURNUM AVE,11786829,3738045,"(37.58445108, -77.451167077)"
459,201409030445,09/03/2014,1745,GRAYLAND AVE,35,Feet,W,GRANBY ST,11782679,3724046,"(37.546132639, -77.466017133)"
442,201406160131,06/16/2014,830,ELLWOOD AVE,25,Feet,W,NANSEMOND ST,11776865,3727702,"(37.55634603, -77.485934594)"
248,201202170571,02/17/2012,1739,DOCK ST,10,Feet,E,22ND ST,11794588,3718119,"(37.529490487, -77.425175157)"
463,201410060101,10/06/2014,815,BROAD ST,None,None,None,TERMINAL PL,11781891,3729640,"(37.561518658, -77.468524178)"
308,201210050001,10/05/2012,1,GROVE AVE,30,Feet,W,COLONIAL AVE,11779831,3727395,"(37.555415, -77.475714752)"
303,201209160378,09/16/2012,1546,MAIN ST,None,None,None,HARRISON ST,11785791,3723981,"(37.545860039, -77.455286133)"
455,201408240537,08/24/2014,2110,HARRISON ST,None,None,None,GRACE ST,11786398,3725853,"(37.550982492, -77.453120958)"
135,201009200526,09/20/2010,1700,ROBERTS ST,None,None,None,NORTH AVE,11792104,3729814,"(37.561684802, -77.433285004)"
348,201304230356,04/23/2013,1723,OVERBROOK ROAD,None,None,None,OWNBY LANE,11785229,3731074,"(37.565355998, -77.45695419)"
259,201204170096,04/17/2012,803,18TH ST,None,None,None,MAIN ST,11793858,3719355,"(37.532907613, -77.42764399)"
144,201010110500,10/11/2010,1744,LANCASTER ROAD,None,None,None,TAZEWELL ST,11789562,3731562,"(37.566563724, -77.441986734)"
359,201305250357,05/25/2013,1450,CARY ST,75,Feet,E,THOMPSON ST,11776016,3727595,"(37.556077193, -77.48886721)"
72,200909170084,09/17/2009,245,CARY ST,50,Feet,W,20TH ST,11794158,3718650,"(37.530962166, -77.4266371)"
329,201212130229,12/13/2012,1245,BELVIDERE ST,80,Feet,N,CUMBERLAND ST,11787613,3722997,"(37.54310222, -77.449039754)"
245,201202130349,02/13/2012,1458,GRACE ST,None,None,None,HARRISON ST,11786398,3725853,"(37.550982492, -77.453120958)"
73,200909220459,09/22/2009,1620,FENTON ST,None,None,None,MAVERICK AVE,11802902,3715064,"(37.520837377, -77.396629336)"
115,201006170109,06/17/2010,651,8TH ST,None,None,None,BROAD ST,11791761,3722397,"(37.541326807, -77.434757008)"
126,201008260304,08/26/2010,1248,BROAD ST,45,Feet,W,DAVIS AVE,11782612,3729111,"(37.56004425, -77.466056881)"
298,201209060623,09/06/2012,2202,FLOYD AVE,None,None,None,ROBINSON ST,11780730,3726517,"(37.552976991, -77.472646617)"
435,201405230390,05/23/2014,1500,HOLLY ST,50,Feet,S,BELVIDERE ST,11787583,3720583,"(37.53647376, -77.449235895)"
411,201312210043,12/21/2013,57,ROBINSON ST,20,Feet,S,MAIN ST,11780554,3726106,"(37.551853552, -77.473269127)"
334,201301150354,01/15/2013,1724,BOULEVARD,None,None,None,PARK AVE,11780925,3728885,"(37.559474205, -77.471885027)"
238,201112220655,12/22/2011,1947,KENSINGTON AVE,None,None,None,BOULEVARD,11780743,3728456,"(37.55830152, -77.472528977)"
258,201204130162,04/13/2012,805,DOCK ST,None,None,None,PEAR ST,11795970,3716985,"(37.526332967, -77.420454346)"
183,201105240270,05/24/2011,1225,FOREST HILL AVE,None,None,None,ROANOKE ST,11780446,3713192,"(37.516391932, -77.474125738)"
487,201503260099,03/26/2015,810,W LEIGH ST,None,None,None,HANOCK ST,11790370,3724995,"(37.548504482, -77.439453673)"
429,201405060539,05/06/2014,2146,BROAD ST,None,None,None,MADISON ST,11788890,3724511,"(37.547220866, -77.444577104)"
332,201301050349,01/05/2013,1729,BELT BLVD,300,Feet,S,LORDLEY LANE,11779106,3709126,"(37.505265591, -77.4788973)"
471,201410280245,10/28/2014,1200,GRACE ST,None,None,None,HENRY ST,11788161,3724555,"(37.547364057, -77.447089812)"
265,201205080035,05/08/2012,125,BROAD ST,None,None,None,16TH ST,11793921,3720799,"(37.536871185, -77.427370157)"
82,200911120506,11/12/2009,2024,BROAD ROCK ROAD,None,None,None,SPAINE ST,11782044,3707603,"(37.500995345, -77.468826795)"
235,201111260581,11/26/2011,1824,BROAD ROCK ROAD,None,None,None,HULL ST,11783582,3710397,"(37.508622101, -77.463419562)"
148,201010200130,10/20/2010,845,ROYALL AVE,None,None,None,COMMERCE ROAD,11792268,3705807,"(37.49575115, -77.433654769)"
486,201503240361,03/24/2015,1625,CARY ST,100,Feet,E,14TH ST,11792463,3719921,"(37.534505395, -77.432432499)"
119,201006300298,06/30/2010,1208,CANAL ST,None,None,None,5TH ST,11789807,3721397,"(37.53864095, -77.441534704)"
386,201309010084,09/01/2013,211,GRACE ST,200,Feet,E,1ST ST,11789690,3723434,"(37.544238598, -77.441859458)"
95,201004140618,04/14/2010,1804,WARWICK ROAD,None,None,None,BROAD ROCK BLVD,11779308,3701051,"(37.48308356, -77.47850218)"
305,201209240387,09/24/2012,1700,BROAD ST,None,None,None,SHAFER ST,11787110,3725814,"(37.550853679, -77.450666564)"
253,201203180448,03/18/2012,1810,BROAD ROCK BLVD,None,None,None,JERVIE DR,11781546,3706193,"(37.497138057, -77.4705964)"
